[
  {
    "city_id": 1,
    "city": "A Corua (La Corua)",
    "country": "Spain"
  },
  {
    "city_id": 2,
    "city": "Abha",
    "country": "Saudi Arabia"
  },
  {
    "city_id": 3,
    "city": "Abu Dhabi",
    "country": "United Arab Emirates"
  },
  {
    "city_id": 4,
    "city": "Acua",
    "country": "Mexico"
  },
  {
    "city_id": 5,
    "city": "Adana",
    "country": "Turkey"
  },
  {
    "city_id": 6,
    "city": "Addis Abeba",
    "country": "Ethiopia"
  },
  {
    "city_id": 7,
    "city": "Aden",
    "country": "Yemen"
  },
  {
    "city_id": 8,
    "city": "Adoni",
    "country": "India"
  },
  {
    "city_id": 9,
    "city": "Ahmadnagar",
    "country": "India"
  },
  {
    "city_id": 10,
    "city": "Akishima",
    "country": "Japan"
  },
  {
    "city_id": 11,
    "city": "Akron",
    "country": "United States"
  },
  {
    "city_id": 12,
    "city": "al-Ayn",
    "country": "United Arab Emirates"
  },
  {
    "city_id": 13,
    "city": "al-Hawiya",
    "country": "Saudi Arabia"
  },
  {
    "city_id": 14,
    "city": "al-Manama",
    "country": "Bahrain"
  },
  {
    "city_id": 15,
    "city": "al-Qadarif",
    "country": "Sudan"
  },
  {
    "city_id": 16,
    "city": "al-Qatif",
    "country": "Saudi Arabia"
  },
  {
    "city_id": 17,
    "city": "Alessandria",
    "country": "Italy"
  },
  {
    "city_id": 18,
    "city": "Allappuzha (Alleppey)",
    "country": "India"
  },
  {
    "city_id": 19,
    "city": "Allende",
    "country": "Mexico"
  },
  {
    "city_id": 20,
    "city": "Almirante Brown",
    "country": "Argentina"
  },
  {
    "city_id": 21,
    "city": "Alvorada",
    "country": "Brazil"
  },
  {
    "city_id": 22,
    "city": "Ambattur",
    "country": "India"
  },
  {
    "city_id": 23,
    "city": "Amersfoort",
    "country": "Netherlands"
  },
  {
    "city_id": 24,
    "city": "Amroha",
    "country": "India"
  },
  {
    "city_id": 25,
    "city": "Angra dos Reis",
    "country": "Brazil"
  },
  {
    "city_id": 26,
    "city": "Anpolis",
    "country": "Brazil"
  },
  {
    "city_id": 27,
    "city": "Antofagasta",
    "country": "Chile"
  },
  {
    "city_id": 28,
    "city": "Aparecida de Goinia",
    "country": "Brazil"
  },
  {
    "city_id": 29,
    "city": "Apeldoorn",
    "country": "Netherlands"
  },
  {
    "city_id": 30,
    "city": "Araatuba",
    "country": "Brazil"
  },
  {
    "city_id": 31,
    "city": "Arak",
    "country": "Iran"
  },
  {
    "city_id": 32,
    "city": "Arecibo",
    "country": "Puerto Rico"
  },
  {
    "city_id": 33,
    "city": "Arlington",
    "country": "United States"
  },
  {
    "city_id": 34,
    "city": "Ashdod",
    "country": "Israel"
  },
  {
    "city_id": 35,
    "city": "Ashgabat",
    "country": "Turkmenistan"
  },
  {
    "city_id": 36,
    "city": "Ashqelon",
    "country": "Israel"
  },
  {
    "city_id": 37,
    "city": "Asuncin",
    "country": "Paraguay"
  },
  {
    "city_id": 38,
    "city": "Athenai",
    "country": "Greece"
  },
  {
    "city_id": 39,
    "city": "Atinsk",
    "country": "Russian Federation"
  },
  {
    "city_id": 40,
    "city": "Atlixco",
    "country": "Mexico"
  },
  {
    "city_id": 41,
    "city": "Augusta-Richmond County",
    "country": "United States"
  },
  {
    "city_id": 42,
    "city": "Aurora",
    "country": "United States"
  },
  {
    "city_id": 43,
    "city": "Avellaneda",
    "country": "Argentina"
  },
  {
    "city_id": 44,
    "city": "Bag",
    "country": "Brazil"
  },
  {
    "city_id": 45,
    "city": "Baha Blanca",
    "country": "Argentina"
  },
  {
    "city_id": 46,
    "city": "Baicheng",
    "country": "China"
  },
  {
    "city_id": 47,
    "city": "Baiyin",
    "country": "China"
  },
  {
    "city_id": 48,
    "city": "Baku",
    "country": "Azerbaijan"
  },
  {
    "city_id": 49,
    "city": "Balaiha",
    "country": "Russian Federation"
  },
  {
    "city_id": 50,
    "city": "Balikesir",
    "country": "Turkey"
  },
  {
    "city_id": 51,
    "city": "Balurghat",
    "country": "India"
  },
  {
    "city_id": 52,
    "city": "Bamenda",
    "country": "Cameroon"
  },
  {
    "city_id": 53,
    "city": "Bandar Seri Begawan",
    "country": "Brunei"
  },
  {
    "city_id": 54,
    "city": "Banjul",
    "country": "Gambia"
  },
  {
    "city_id": 55,
    "city": "Barcelona",
    "country": "Venezuela"
  },
  {
    "city_id": 56,
    "city": "Basel",
    "country": "Switzerland"
  },
  {
    "city_id": 57,
    "city": "Bat Yam",
    "country": "Israel"
  },
  {
    "city_id": 58,
    "city": "Batman",
    "country": "Turkey"
  },
  {
    "city_id": 59,
    "city": "Batna",
    "country": "Algeria"
  },
  {
    "city_id": 60,
    "city": "Battambang",
    "country": "Cambodia"
  },
  {
    "city_id": 61,
    "city": "Baybay",
    "country": "Philippines"
  },
  {
    "city_id": 62,
    "city": "Bayugan",
    "country": "Philippines"
  },
  {
    "city_id": 63,
    "city": "Bchar",
    "country": "Algeria"
  },
  {
    "city_id": 64,
    "city": "Beira",
    "country": "Mozambique"
  },
  {
    "city_id": 65,
    "city": "Bellevue",
    "country": "United States"
  },
  {
    "city_id": 66,
    "city": "Belm",
    "country": "Brazil"
  },
  {
    "city_id": 67,
    "city": "Benguela",
    "country": "Angola"
  },
  {
    "city_id": 68,
    "city": "Beni-Mellal",
    "country": "Morocco"
  },
  {
    "city_id": 69,
    "city": "Benin City",
    "country": "Nigeria"
  },
  {
    "city_id": 70,
    "city": "Bergamo",
    "country": "Italy"
  },
  {
    "city_id": 71,
    "city": "Berhampore (Baharampur)",
    "country": "India"
  },
  {
    "city_id": 72,
    "city": "Bern",
    "country": "Switzerland"
  },
  {
    "city_id": 73,
    "city": "Bhavnagar",
    "country": "India"
  },
  {
    "city_id": 74,
    "city": "Bhilwara",
    "country": "India"
  },
  {
    "city_id": 75,
    "city": "Bhimavaram",
    "country": "India"
  },
  {
    "city_id": 76,
    "city": "Bhopal",
    "country": "India"
  },
  {
    "city_id": 77,
    "city": "Bhusawal",
    "country": "India"
  },
  {
    "city_id": 78,
    "city": "Bijapur",
    "country": "India"
  },
  {
    "city_id": 79,
    "city": "Bilbays",
    "country": "Egypt"
  },
  {
    "city_id": 80,
    "city": "Binzhou",
    "country": "China"
  },
  {
    "city_id": 81,
    "city": "Birgunj",
    "country": "Nepal"
  },
  {
    "city_id": 82,
    "city": "Bislig",
    "country": "Philippines"
  },
  {
    "city_id": 83,
    "city": "Blumenau",
    "country": "Brazil"
  },
  {
    "city_id": 84,
    "city": "Boa Vista",
    "country": "Brazil"
  },
  {
    "city_id": 85,
    "city": "Boksburg",
    "country": "South Africa"
  },
  {
    "city_id": 86,
    "city": "Botosani",
    "country": "Romania"
  },
  {
    "city_id": 87,
    "city": "Botshabelo",
    "country": "South Africa"
  },
  {
    "city_id": 88,
    "city": "Bradford",
    "country": "United Kingdom"
  },
  {
    "city_id": 89,
    "city": "Braslia",
    "country": "Brazil"
  },
  {
    "city_id": 90,
    "city": "Bratislava",
    "country": "Slovakia"
  },
  {
    "city_id": 91,
    "city": "Brescia",
    "country": "Italy"
  },
  {
    "city_id": 92,
    "city": "Brest",
    "country": "France"
  },
  {
    "city_id": 93,
    "city": "Brindisi",
    "country": "Italy"
  },
  {
    "city_id": 94,
    "city": "Brockton",
    "country": "United States"
  },
  {
    "city_id": 95,
    "city": "Bucuresti",
    "country": "Romania"
  },
  {
    "city_id": 96,
    "city": "Buenaventura",
    "country": "Colombia"
  },
  {
    "city_id": 97,
    "city": "Bydgoszcz",
    "country": "Poland"
  },
  {
    "city_id": 98,
    "city": "Cabuyao",
    "country": "Philippines"
  },
  {
    "city_id": 99,
    "city": "Callao",
    "country": "Peru"
  },
  {
    "city_id": 100,
    "city": "Cam Ranh",
    "country": "Vietnam"
  },
  {
    "city_id": 101,
    "city": "Cape Coral",
    "country": "United States"
  },
  {
    "city_id": 102,
    "city": "Caracas",
    "country": "Venezuela"
  },
  {
    "city_id": 103,
    "city": "Carmen",
    "country": "Mexico"
  },
  {
    "city_id": 104,
    "city": "Cavite",
    "country": "Philippines"
  },
  {
    "city_id": 105,
    "city": "Cayenne",
    "country": "French Guiana"
  },
  {
    "city_id": 106,
    "city": "Celaya",
    "country": "Mexico"
  },
  {
    "city_id": 107,
    "city": "Chandrapur",
    "country": "India"
  },
  {
    "city_id": 108,
    "city": "Changhwa",
    "country": "Taiwan"
  },
  {
    "city_id": 109,
    "city": "Changzhou",
    "country": "China"
  },
  {
    "city_id": 110,
    "city": "Chapra",
    "country": "India"
  },
  {
    "city_id": 111,
    "city": "Charlotte Amalie",
    "country": "Virgin Islands, U.S."
  },
  {
    "city_id": 112,
    "city": "Chatsworth",
    "country": "South Africa"
  },
  {
    "city_id": 113,
    "city": "Cheju",
    "country": "South Korea"
  },
  {
    "city_id": 114,
    "city": "Chiayi",
    "country": "Taiwan"
  },
  {
    "city_id": 115,
    "city": "Chisinau",
    "country": "Moldova"
  },
  {
    "city_id": 116,
    "city": "Chungho",
    "country": "Taiwan"
  },
  {
    "city_id": 117,
    "city": "Cianjur",
    "country": "Indonesia"
  },
  {
    "city_id": 118,
    "city": "Ciomas",
    "country": "Indonesia"
  },
  {
    "city_id": 119,
    "city": "Ciparay",
    "country": "Indonesia"
  },
  {
    "city_id": 120,
    "city": "Citrus Heights",
    "country": "United States"
  },
  {
    "city_id": 121,
    "city": "Citt del Vaticano",
    "country": "Holy See (Vatican City State)"
  },
  {
    "city_id": 122,
    "city": "Ciudad del Este",
    "country": "Paraguay"
  },
  {
    "city_id": 123,
    "city": "Clarksville",
    "country": "United States"
  },
  {
    "city_id": 124,
    "city": "Coacalco de Berriozbal",
    "country": "Mexico"
  },
  {
    "city_id": 125,
    "city": "Coatzacoalcos",
    "country": "Mexico"
  },
  {
    "city_id": 126,
    "city": "Compton",
    "country": "United States"
  },
  {
    "city_id": 127,
    "city": "Coquimbo",
    "country": "Chile"
  },
  {
    "city_id": 128,
    "city": "Crdoba",
    "country": "Argentina"
  },
  {
    "city_id": 129,
    "city": "Cuauhtmoc",
    "country": "Mexico"
  },
  {
    "city_id": 130,
    "city": "Cuautla",
    "country": "Mexico"
  },
  {
    "city_id": 131,
    "city": "Cuernavaca",
    "country": "Mexico"
  },
  {
    "city_id": 132,
    "city": "Cuman",
    "country": "Venezuela"
  },
  {
    "city_id": 133,
    "city": "Czestochowa",
    "country": "Poland"
  },
  {
    "city_id": 134,
    "city": "Dadu",
    "country": "Pakistan"
  },
  {
    "city_id": 135,
    "city": "Dallas",
    "country": "United States"
  },
  {
    "city_id": 136,
    "city": "Datong",
    "country": "China"
  },
  {
    "city_id": 137,
    "city": "Daugavpils",
    "country": "Latvia"
  },
  {
    "city_id": 138,
    "city": "Davao",
    "country": "Philippines"
  },
  {
    "city_id": 139,
    "city": "Daxian",
    "country": "China"
  },
  {
    "city_id": 140,
    "city": "Dayton",
    "country": "United States"
  },
  {
    "city_id": 141,
    "city": "Deba Habe",
    "country": "Nigeria"
  },
  {
    "city_id": 142,
    "city": "Denizli",
    "country": "Turkey"
  },
  {
    "city_id": 143,
    "city": "Dhaka",
    "country": "Bangladesh"
  },
  {
    "city_id": 144,
    "city": "Dhule (Dhulia)",
    "country": "India"
  },
  {
    "city_id": 145,
    "city": "Dongying",
    "country": "China"
  },
  {
    "city_id": 146,
    "city": "Donostia-San Sebastin",
    "country": "Spain"
  },
  {
    "city_id": 147,
    "city": "Dos Quebradas",
    "country": "Colombia"
  },
  {
    "city_id": 148,
    "city": "Duisburg",
    "country": "Germany"
  },
  {
    "city_id": 149,
    "city": "Dundee",
    "country": "United Kingdom"
  },
  {
    "city_id": 150,
    "city": "Dzerzinsk",
    "country": "Russian Federation"
  },
  {
    "city_id": 151,
    "city": "Ede",
    "country": "Netherlands"
  },
  {
    "city_id": 152,
    "city": "Effon-Alaiye",
    "country": "Nigeria"
  },
  {
    "city_id": 153,
    "city": "El Alto",
    "country": "Bolivia"
  },
  {
    "city_id": 154,
    "city": "El Fuerte",
    "country": "Mexico"
  },
  {
    "city_id": 155,
    "city": "El Monte",
    "country": "United States"
  },
  {
    "city_id": 156,
    "city": "Elista",
    "country": "Russian Federation"
  },
  {
    "city_id": 157,
    "city": "Emeishan",
    "country": "China"
  },
  {
    "city_id": 158,
    "city": "Emmen",
    "country": "Netherlands"
  },
  {
    "city_id": 159,
    "city": "Enshi",
    "country": "China"
  },
  {
    "city_id": 160,
    "city": "Erlangen",
    "country": "Germany"
  },
  {
    "city_id": 161,
    "city": "Escobar",
    "country": "Argentina"
  },
  {
    "city_id": 162,
    "city": "Esfahan",
    "country": "Iran"
  },
  {
    "city_id": 163,
    "city": "Eskisehir",
    "country": "Turkey"
  },
  {
    "city_id": 164,
    "city": "Etawah",
    "country": "India"
  },
  {
    "city_id": 165,
    "city": "Ezeiza",
    "country": "Argentina"
  },
  {
    "city_id": 166,
    "city": "Ezhou",
    "country": "China"
  },
  {
    "city_id": 167,
    "city": "Faaa",
    "country": "French Polynesia"
  },
  {
    "city_id": 168,
    "city": "Fengshan",
    "country": "Taiwan"
  },
  {
    "city_id": 169,
    "city": "Firozabad",
    "country": "India"
  },
  {
    "city_id": 170,
    "city": "Florencia",
    "country": "Colombia"
  },
  {
    "city_id": 171,
    "city": "Fontana",
    "country": "United States"
  },
  {
    "city_id": 172,
    "city": "Fukuyama",
    "country": "Japan"
  },
  {
    "city_id": 173,
    "city": "Funafuti",
    "country": "Tuvalu"
  },
  {
    "city_id": 174,
    "city": "Fuyu",
    "country": "China"
  },
  {
    "city_id": 175,
    "city": "Fuzhou",
    "country": "China"
  },
  {
    "city_id": 176,
    "city": "Gandhinagar",
    "country": "India"
  },
  {
    "city_id": 177,
    "city": "Garden Grove",
    "country": "United States"
  },
  {
    "city_id": 178,
    "city": "Garland",
    "country": "United States"
  },
  {
    "city_id": 179,
    "city": "Gatineau",
    "country": "Canada"
  },
  {
    "city_id": 180,
    "city": "Gaziantep",
    "country": "Turkey"
  },
  {
    "city_id": 181,
    "city": "Gijn",
    "country": "Spain"
  },
  {
    "city_id": 182,
    "city": "Gingoog",
    "country": "Philippines"
  },
  {
    "city_id": 183,
    "city": "Goinia",
    "country": "Brazil"
  },
  {
    "city_id": 184,
    "city": "Gorontalo",
    "country": "Indonesia"
  },
  {
    "city_id": 185,
    "city": "Grand Prairie",
    "country": "United States"
  },
  {
    "city_id": 186,
    "city": "Graz",
    "country": "Austria"
  },
  {
    "city_id": 187,
    "city": "Greensboro",
    "country": "United States"
  },
  {
    "city_id": 188,
    "city": "Guadalajara",
    "country": "Mexico"
  },
  {
    "city_id": 189,
    "city": "Guaruj",
    "country": "Brazil"
  },
  {
    "city_id": 190,
    "city": "guas Lindas de Gois",
    "country": "Brazil"
  },
  {
    "city_id": 191,
    "city": "Gulbarga",
    "country": "India"
  },
  {
    "city_id": 192,
    "city": "Hagonoy",
    "country": "Philippines"
  },
  {
    "city_id": 193,
    "city": "Haining",
    "country": "China"
  },
  {
    "city_id": 194,
    "city": "Haiphong",
    "country": "Vietnam"
  },
  {
    "city_id": 195,
    "city": "Haldia",
    "country": "India"
  },
  {
    "city_id": 196,
    "city": "Halifax",
    "country": "Canada"
  },
  {
    "city_id": 197,
    "city": "Halisahar",
    "country": "India"
  },
  {
    "city_id": 198,
    "city": "Halle/Saale",
    "country": "Germany"
  },
  {
    "city_id": 199,
    "city": "Hami",
    "country": "China"
  },
  {
    "city_id": 200,
    "city": "Hamilton",
    "country": "New Zealand"
  },
  {
    "city_id": 201,
    "city": "Hanoi",
    "country": "Vietnam"
  },
  {
    "city_id": 202,
    "city": "Hidalgo",
    "country": "Mexico"
  },
  {
    "city_id": 203,
    "city": "Higashiosaka",
    "country": "Japan"
  },
  {
    "city_id": 204,
    "city": "Hino",
    "country": "Japan"
  },
  {
    "city_id": 205,
    "city": "Hiroshima",
    "country": "Japan"
  },
  {
    "city_id": 206,
    "city": "Hodeida",
    "country": "Yemen"
  },
  {
    "city_id": 207,
    "city": "Hohhot",
    "country": "China"
  },
  {
    "city_id": 208,
    "city": "Hoshiarpur",
    "country": "India"
  },
  {
    "city_id": 209,
    "city": "Hsichuh",
    "country": "Taiwan"
  },
  {
    "city_id": 210,
    "city": "Huaian",
    "country": "China"
  },
  {
    "city_id": 211,
    "city": "Hubli-Dharwad",
    "country": "India"
  },
  {
    "city_id": 212,
    "city": "Huejutla de Reyes",
    "country": "Mexico"
  },
  {
    "city_id": 213,
    "city": "Huixquilucan",
    "country": "Mexico"
  },
  {
    "city_id": 214,
    "city": "Hunuco",
    "country": "Peru"
  },
  {
    "city_id": 215,
    "city": "Ibirit",
    "country": "Brazil"
  },
  {
    "city_id": 216,
    "city": "Idfu",
    "country": "Egypt"
  },
  {
    "city_id": 217,
    "city": "Ife",
    "country": "Nigeria"
  },
  {
    "city_id": 218,
    "city": "Ikerre",
    "country": "Nigeria"
  },
  {
    "city_id": 219,
    "city": "Iligan",
    "country": "Philippines"
  },
  {
    "city_id": 220,
    "city": "Ilorin",
    "country": "Nigeria"
  },
  {
    "city_id": 221,
    "city": "Imus",
    "country": "Philippines"
  },
  {
    "city_id": 222,
    "city": "Inegl",
    "country": "Turkey"
  },
  {
    "city_id": 223,
    "city": "Ipoh",
    "country": "Malaysia"
  },
  {
    "city_id": 224,
    "city": "Isesaki",
    "country": "Japan"
  },
  {
    "city_id": 225,
    "city": "Ivanovo",
    "country": "Russian Federation"
  },
  {
    "city_id": 226,
    "city": "Iwaki",
    "country": "Japan"
  },
  {
    "city_id": 227,
    "city": "Iwakuni",
    "country": "Japan"
  },
  {
    "city_id": 228,
    "city": "Iwatsuki",
    "country": "Japan"
  },
  {
    "city_id": 229,
    "city": "Izumisano",
    "country": "Japan"
  },
  {
    "city_id": 230,
    "city": "Jaffna",
    "country": "Sri Lanka"
  },
  {
    "city_id": 231,
    "city": "Jaipur",
    "country": "India"
  },
  {
    "city_id": 232,
    "city": "Jakarta",
    "country": "Indonesia"
  },
  {
    "city_id": 233,
    "city": "Jalib al-Shuyukh",
    "country": "Kuwait"
  },
  {
    "city_id": 234,
    "city": "Jamalpur",
    "country": "Bangladesh"
  },
  {
    "city_id": 235,
    "city": "Jaroslavl",
    "country": "Russian Federation"
  },
  {
    "city_id": 236,
    "city": "Jastrzebie-Zdrj",
    "country": "Poland"
  },
  {
    "city_id": 237,
    "city": "Jedda",
    "country": "Saudi Arabia"
  },
  {
    "city_id": 238,
    "city": "Jelets",
    "country": "Russian Federation"
  },
  {
    "city_id": 239,
    "city": "Jhansi",
    "country": "India"
  },
  {
    "city_id": 240,
    "city": "Jinchang",
    "country": "China"
  },
  {
    "city_id": 241,
    "city": "Jining",
    "country": "China"
  },
  {
    "city_id": 242,
    "city": "Jinzhou",
    "country": "China"
  },
  {
    "city_id": 243,
    "city": "Jodhpur",
    "country": "India"
  },
  {
    "city_id": 244,
    "city": "Johannesburg",
    "country": "South Africa"
  },
  {
    "city_id": 245,
    "city": "Joliet",
    "country": "United States"
  },
  {
    "city_id": 246,
    "city": "Jos Azueta",
    "country": "Mexico"
  },
  {
    "city_id": 247,
    "city": "Juazeiro do Norte",
    "country": "Brazil"
  },
  {
    "city_id": 248,
    "city": "Juiz de Fora",
    "country": "Brazil"
  },
  {
    "city_id": 249,
    "city": "Junan",
    "country": "China"
  },
  {
    "city_id": 250,
    "city": "Jurez",
    "country": "Mexico"
  },
  {
    "city_id": 251,
    "city": "Kabul",
    "country": "Afghanistan"
  },
  {
    "city_id": 252,
    "city": "Kaduna",
    "country": "Nigeria"
  },
  {
    "city_id": 253,
    "city": "Kakamigahara",
    "country": "Japan"
  },
  {
    "city_id": 254,
    "city": "Kaliningrad",
    "country": "Russian Federation"
  },
  {
    "city_id": 255,
    "city": "Kalisz",
    "country": "Poland"
  },
  {
    "city_id": 256,
    "city": "Kamakura",
    "country": "Japan"
  },
  {
    "city_id": 257,
    "city": "Kamarhati",
    "country": "India"
  },
  {
    "city_id": 258,
    "city": "Kamjanets-Podilskyi",
    "country": "Ukraine"
  },
  {
    "city_id": 259,
    "city": "Kamyin",
    "country": "Russian Federation"
  },
  {
    "city_id": 260,
    "city": "Kanazawa",
    "country": "Japan"
  },
  {
    "city_id": 261,
    "city": "Kanchrapara",
    "country": "India"
  },
  {
    "city_id": 262,
    "city": "Kansas City",
    "country": "United States"
  },
  {
    "city_id": 263,
    "city": "Karnal",
    "country": "India"
  },
  {
    "city_id": 264,
    "city": "Katihar",
    "country": "India"
  },
  {
    "city_id": 265,
    "city": "Kermanshah",
    "country": "Iran"
  },
  {
    "city_id": 266,
    "city": "Kilis",
    "country": "Turkey"
  },
  {
    "city_id": 267,
    "city": "Kimberley",
    "country": "South Africa"
  },
  {
    "city_id": 268,
    "city": "Kimchon",
    "country": "South Korea"
  },
  {
    "city_id": 269,
    "city": "Kingstown",
    "country": "Saint Vincent and the Grenadines"
  },
  {
    "city_id": 270,
    "city": "Kirovo-Tepetsk",
    "country": "Russian Federation"
  },
  {
    "city_id": 271,
    "city": "Kisumu",
    "country": "Kenya"
  },
  {
    "city_id": 272,
    "city": "Kitwe",
    "country": "Zambia"
  },
  {
    "city_id": 273,
    "city": "Klerksdorp",
    "country": "South Africa"
  },
  {
    "city_id": 274,
    "city": "Kolpino",
    "country": "Russian Federation"
  },
  {
    "city_id": 275,
    "city": "Konotop",
    "country": "Ukraine"
  },
  {
    "city_id": 276,
    "city": "Koriyama",
    "country": "Japan"
  },
  {
    "city_id": 277,
    "city": "Korla",
    "country": "China"
  },
  {
    "city_id": 278,
    "city": "Korolev",
    "country": "Russian Federation"
  },
  {
    "city_id": 279,
    "city": "Kowloon and New Kowloon",
    "country": "Hong Kong"
  },
  {
    "city_id": 280,
    "city": "Kragujevac",
    "country": "Yugoslavia"
  },
  {
    "city_id": 281,
    "city": "Ktahya",
    "country": "Turkey"
  },
  {
    "city_id": 282,
    "city": "Kuching",
    "country": "Malaysia"
  },
  {
    "city_id": 283,
    "city": "Kumbakonam",
    "country": "India"
  },
  {
    "city_id": 284,
    "city": "Kurashiki",
    "country": "Japan"
  },
  {
    "city_id": 285,
    "city": "Kurgan",
    "country": "Russian Federation"
  },
  {
    "city_id": 286,
    "city": "Kursk",
    "country": "Russian Federation"
  },
  {
    "city_id": 287,
    "city": "Kuwana",
    "country": "Japan"
  },
  {
    "city_id": 288,
    "city": "La Paz",
    "country": "Mexico"
  },
  {
    "city_id": 289,
    "city": "La Plata",
    "country": "Argentina"
  },
  {
    "city_id": 290,
    "city": "La Romana",
    "country": "Dominican Republic"
  },
  {
    "city_id": 291,
    "city": "Laiwu",
    "country": "China"
  },
  {
    "city_id": 292,
    "city": "Lancaster",
    "country": "United States"
  },
  {
    "city_id": 293,
    "city": "Laohekou",
    "country": "China"
  },
  {
    "city_id": 294,
    "city": "Lapu-Lapu",
    "country": "Philippines"
  },
  {
    "city_id": 295,
    "city": "Laredo",
    "country": "United States"
  },
  {
    "city_id": 296,
    "city": "Lausanne",
    "country": "Switzerland"
  },
  {
    "city_id": 297,
    "city": "Le Mans",
    "country": "France"
  },
  {
    "city_id": 298,
    "city": "Lengshuijiang",
    "country": "China"
  },
  {
    "city_id": 299,
    "city": "Leshan",
    "country": "China"
  },
  {
    "city_id": 300,
    "city": "Lethbridge",
    "country": "Canada"
  },
  {
    "city_id": 301,
    "city": "Lhokseumawe",
    "country": "Indonesia"
  },
  {
    "city_id": 302,
    "city": "Liaocheng",
    "country": "China"
  },
  {
    "city_id": 303,
    "city": "Liepaja",
    "country": "Latvia"
  },
  {
    "city_id": 304,
    "city": "Lilongwe",
    "country": "Malawi"
  },
  {
    "city_id": 305,
    "city": "Lima",
    "country": "Peru"
  },
  {
    "city_id": 306,
    "city": "Lincoln",
    "country": "United States"
  },
  {
    "city_id": 307,
    "city": "Linz",
    "country": "Austria"
  },
  {
    "city_id": 308,
    "city": "Lipetsk",
    "country": "Russian Federation"
  },
  {
    "city_id": 309,
    "city": "Livorno",
    "country": "Italy"
  },
  {
    "city_id": 310,
    "city": "Ljubertsy",
    "country": "Russian Federation"
  },
  {
    "city_id": 311,
    "city": "Loja",
    "country": "Ecuador"
  },
  {
    "city_id": 312,
    "city": "London",
    "country": "United Kingdom"
  },
  {
    "city_id": 313,
    "city": "London",
    "country": "Canada"
  },
  {
    "city_id": 314,
    "city": "Lublin",
    "country": "Poland"
  },
  {
    "city_id": 315,
    "city": "Lubumbashi",
    "country": "Congo, The Democratic Republic of the"
  },
  {
    "city_id": 316,
    "city": "Lungtan",
    "country": "Taiwan"
  },
  {
    "city_id": 317,
    "city": "Luzinia",
    "country": "Brazil"
  },
  {
    "city_id": 318,
    "city": "Madiun",
    "country": "Indonesia"
  },
  {
    "city_id": 319,
    "city": "Mahajanga",
    "country": "Madagascar"
  },
  {
    "city_id": 320,
    "city": "Maikop",
    "country": "Russian Federation"
  },
  {
    "city_id": 321,
    "city": "Malm",
    "country": "Sweden"
  },
  {
    "city_id": 322,
    "city": "Manchester",
    "country": "United States"
  },
  {
    "city_id": 323,
    "city": "Mandaluyong",
    "country": "Philippines"
  },
  {
    "city_id": 324,
    "city": "Mandi Bahauddin",
    "country": "Pakistan"
  },
  {
    "city_id": 325,
    "city": "Mannheim",
    "country": "Germany"
  },
  {
    "city_id": 326,
    "city": "Maracabo",
    "country": "Venezuela"
  },
  {
    "city_id": 327,
    "city": "Mardan",
    "country": "Pakistan"
  },
  {
    "city_id": 328,
    "city": "Maring",
    "country": "Brazil"
  },
  {
    "city_id": 329,
    "city": "Masqat",
    "country": "Oman"
  },
  {
    "city_id": 330,
    "city": "Matamoros",
    "country": "Mexico"
  },
  {
    "city_id": 331,
    "city": "Matsue",
    "country": "Japan"
  },
  {
    "city_id": 332,
    "city": "Meixian",
    "country": "China"
  },
  {
    "city_id": 333,
    "city": "Memphis",
    "country": "United States"
  },
  {
    "city_id": 334,
    "city": "Merlo",
    "country": "Argentina"
  },
  {
    "city_id": 335,
    "city": "Mexicali",
    "country": "Mexico"
  },
  {
    "city_id": 336,
    "city": "Miraj",
    "country": "India"
  },
  {
    "city_id": 337,
    "city": "Mit Ghamr",
    "country": "Egypt"
  },
  {
    "city_id": 338,
    "city": "Miyakonojo",
    "country": "Japan"
  },
  {
    "city_id": 339,
    "city": "Mogiljov",
    "country": "Belarus"
  },
  {
    "city_id": 340,
    "city": "Molodetno",
    "country": "Belarus"
  },
  {
    "city_id": 341,
    "city": "Monclova",
    "country": "Mexico"
  },
  {
    "city_id": 342,
    "city": "Monywa",
    "country": "Myanmar"
  },
  {
    "city_id": 343,
    "city": "Moscow",
    "country": "Russian Federation"
  },
  {
    "city_id": 344,
    "city": "Mosul",
    "country": "Iraq"
  },
  {
    "city_id": 345,
    "city": "Mukateve",
    "country": "Ukraine"
  },
  {
    "city_id": 346,
    "city": "Munger (Monghyr)",
    "country": "India"
  },
  {
    "city_id": 347,
    "city": "Mwanza",
    "country": "Tanzania"
  },
  {
    "city_id": 348,
    "city": "Mwene-Ditu",
    "country": "Congo, The Democratic Republic of the"
  },
  {
    "city_id": 349,
    "city": "Myingyan",
    "country": "Myanmar"
  },
  {
    "city_id": 350,
    "city": "Mysore",
    "country": "India"
  },
  {
    "city_id": 351,
    "city": "Naala-Porto",
    "country": "Mozambique"
  },
  {
    "city_id": 352,
    "city": "Nabereznyje Telny",
    "country": "Russian Federation"
  },
  {
    "city_id": 353,
    "city": "Nador",
    "country": "Morocco"
  },
  {
    "city_id": 354,
    "city": "Nagaon",
    "country": "India"
  },
  {
    "city_id": 355,
    "city": "Nagareyama",
    "country": "Japan"
  },
  {
    "city_id": 356,
    "city": "Najafabad",
    "country": "Iran"
  },
  {
    "city_id": 357,
    "city": "Naju",
    "country": "South Korea"
  },
  {
    "city_id": 358,
    "city": "Nakhon Sawan",
    "country": "Thailand"
  },
  {
    "city_id": 359,
    "city": "Nam Dinh",
    "country": "Vietnam"
  },
  {
    "city_id": 360,
    "city": "Namibe",
    "country": "Angola"
  },
  {
    "city_id": 361,
    "city": "Nantou",
    "country": "Taiwan"
  },
  {
    "city_id": 362,
    "city": "Nanyang",
    "country": "China"
  },
  {
    "city_id": 363,
    "city": "NDjamna",
    "country": "Chad"
  },
  {
    "city_id": 364,
    "city": "Newcastle",
    "country": "South Africa"
  },
  {
    "city_id": 365,
    "city": "Nezahualcyotl",
    "country": "Mexico"
  },
  {
    "city_id": 366,
    "city": "Nha Trang",
    "country": "Vietnam"
  },
  {
    "city_id": 367,
    "city": "Niznekamsk",
    "country": "Russian Federation"
  },
  {
    "city_id": 368,
    "city": "Novi Sad",
    "country": "Yugoslavia"
  },
  {
    "city_id": 369,
    "city": "Novoterkassk",
    "country": "Russian Federation"
  },
  {
    "city_id": 370,
    "city": "Nukualofa",
    "country": "Tonga"
  },
  {
    "city_id": 371,
    "city": "Nuuk",
    "country": "Greenland"
  },
  {
    "city_id": 372,
    "city": "Nyeri",
    "country": "Kenya"
  },
  {
    "city_id": 373,
    "city": "Ocumare del Tuy",
    "country": "Venezuela"
  },
  {
    "city_id": 374,
    "city": "Ogbomosho",
    "country": "Nigeria"
  },
  {
    "city_id": 375,
    "city": "Okara",
    "country": "Pakistan"
  },
  {
    "city_id": 376,
    "city": "Okayama",
    "country": "Japan"
  },
  {
    "city_id": 377,
    "city": "Okinawa",
    "country": "Japan"
  },
  {
    "city_id": 378,
    "city": "Olomouc",
    "country": "Czech Republic"
  },
  {
    "city_id": 379,
    "city": "Omdurman",
    "country": "Sudan"
  },
  {
    "city_id": 380,
    "city": "Omiya",
    "country": "Japan"
  },
  {
    "city_id": 381,
    "city": "Ondo",
    "country": "Nigeria"
  },
  {
    "city_id": 382,
    "city": "Onomichi",
    "country": "Japan"
  },
  {
    "city_id": 383,
    "city": "Oshawa",
    "country": "Canada"
  },
  {
    "city_id": 384,
    "city": "Osmaniye",
    "country": "Turkey"
  },
  {
    "city_id": 385,
    "city": "ostka",
    "country": "Ukraine"
  },
  {
    "city_id": 386,
    "city": "Otsu",
    "country": "Japan"
  },
  {
    "city_id": 387,
    "city": "Oulu",
    "country": "Finland"
  },
  {
    "city_id": 388,
    "city": "Ourense (Orense)",
    "country": "Spain"
  },
  {
    "city_id": 389,
    "city": "Owo",
    "country": "Nigeria"
  },
  {
    "city_id": 390,
    "city": "Oyo",
    "country": "Nigeria"
  },
  {
    "city_id": 391,
    "city": "Ozamis",
    "country": "Philippines"
  },
  {
    "city_id": 392,
    "city": "Paarl",
    "country": "South Africa"
  },
  {
    "city_id": 393,
    "city": "Pachuca de Soto",
    "country": "Mexico"
  },
  {
    "city_id": 394,
    "city": "Pak Kret",
    "country": "Thailand"
  },
  {
    "city_id": 395,
    "city": "Palghat (Palakkad)",
    "country": "India"
  },
  {
    "city_id": 396,
    "city": "Pangkal Pinang",
    "country": "Indonesia"
  },
  {
    "city_id": 397,
    "city": "Papeete",
    "country": "French Polynesia"
  },
  {
    "city_id": 398,
    "city": "Parbhani",
    "country": "India"
  },
  {
    "city_id": 399,
    "city": "Pathankot",
    "country": "India"
  },
  {
    "city_id": 400,
    "city": "Patiala",
    "country": "India"
  },
  {
    "city_id": 401,
    "city": "Patras",
    "country": "Greece"
  },
  {
    "city_id": 402,
    "city": "Pavlodar",
    "country": "Kazakstan"
  },
  {
    "city_id": 403,
    "city": "Pemalang",
    "country": "Indonesia"
  },
  {
    "city_id": 404,
    "city": "Peoria",
    "country": "United States"
  },
  {
    "city_id": 405,
    "city": "Pereira",
    "country": "Colombia"
  },
  {
    "city_id": 406,
    "city": "Phnom Penh",
    "country": "Cambodia"
  },
  {
    "city_id": 407,
    "city": "Pingxiang",
    "country": "China"
  },
  {
    "city_id": 408,
    "city": "Pjatigorsk",
    "country": "Russian Federation"
  },
  {
    "city_id": 409,
    "city": "Plock",
    "country": "Poland"
  },
  {
    "city_id": 410,
    "city": "Po",
    "country": "Brazil"
  },
  {
    "city_id": 411,
    "city": "Ponce",
    "country": "Puerto Rico"
  },
  {
    "city_id": 412,
    "city": "Tashkent",
    "country": "Uzbekistan"
  },
  {
    "city_id": 413,
    "city": "Almaty",
    "country": "Kazakhstan"
  },
  {
    "city_id": 414,
    "city": "Bishkek",
    "country": "Kyrgyzstan"
  },
  {
    "city_id": 415,
    "city": "Ashgabat",
    "country": "Turkmenistan"
  },
  {
    "city_id": 416,
    "city": "Dushanbe",
    "country": "Tajikistan"
  },
  {
    "city_id": 417,
    "city": "Samarkand",
    "country": "Uzbekistan"
  },
  {
    "city_id": 418,
    "city": "Shymkent",
    "country": "Kazakhstan"
  },
  {
    "city_id": 419,
    "city": "Astana",
    "country": "Kazakhstan"
  },
  {
    "city_id": 420,
    "city": "Khujand",
    "country": "Tajikistan"
  },
  {
    "city_id": 421,
    "city": "Namangan",
    "country": "Uzbekistan"
  },
  {
    "city_id": 422,
    "city": "Karaganda",
    "country": "Kazakhstan"
  },
  {
    "city_id": 423,
    "city": "Ferghana",
    "country": "Uzbekistan"
  },
  {
    "city_id": 424,
    "city": "Kyzylorda",
    "country": "Kazakhstan"
  },
  {
    "city_id": 425,
    "city": "Bukhara",
    "country": "Uzbekistan"
  },
  {
    "city_id": 426,
    "city": "Andijan",
    "country": "Uzbekistan"
  },
  {
    "city_id": 427,
    "city": "Turkestan",
    "country": "Kazakhstan"
  },
  {
    "city_id": 428,
    "city": "Jalalabad",
    "country": "Kyrgyzstan"
  },
  {
    "city_id": 429,
    "city": "Nukus",
    "country": "Uzbekistan"
  },
  {
    "city_id": 430,
    "city": "Talgar",
    "country": "Kazakhstan"
  },
  {
    "city_id": 431,
    "city": "Kyzyl",
    "country": "Kazakhstan"
  },
  {
    "city_id": 432,
    "city": "Taraz",
    "country": "Kazakhstan"
  },
  {
    "city_id": 433,
    "city": "Aktau",
    "country": "Kazakhstan"
  },
  {
    "city_id": 434,
    "city": "Aktobe",
    "country": "Kazakhstan"
  },
  {
    "city_id": 435,
    "city": "Kostanay",
    "country": "Kazakhstan"
  },
  {
    "city_id": 436,
    "city": "Ust-Kamenogorsk",
    "country": "Kazakhstan"
  },
  {
    "city_id": 437,
    "city": "Pavlodar",
    "country": "Kazakhstan"
  },
  {
    "city_id": 438,
    "city": "Semey",
    "country": "Kazakhstan"
  },
  {
    "city_id": 439,
    "city": "Oral",
    "country": "Kazakhstan"
  },
  {
    "city_id": 440,
    "city": "Petropavl",
    "country": "Kazakhstan"
  },
  {
    "city_id": 441,
    "city": "Kokshetau",
    "country": "Kazakhstan"
  },
  {
    "city_id": 442,
    "city": "Taldykorgan",
    "country": "Kazakhstan"
  },
  {
    "city_id": 443,
    "city": "Zhezkazgan",
    "country": "Kazakhstan"
  },
  {
    "city_id": 444,
    "city": "Turkmenabat",
    "country": "Turkmenistan"
  },
  {
    "city_id": 445,
    "city": "Dashoguz",
    "country": "Turkmenistan"
  },
  {
    "city_id": 446,
    "city": "Mary",
    "country": "Turkmenistan"
  },
  {
    "city_id": 447,
    "city": "Balkanabat",
    "country": "Turkmenistan"
  },
  {
    "city_id": 448,
    "city": "Kerki",
    "country": "Turkmenistan"
  },
  {
    "city_id": 449,
    "city": "Konye-Urgench",
    "country": "Turkmenistan"
  },
  {
    "city_id": 450,
    "city": "Karakol",
    "country": "Kyrgyzstan"
  },
  {
    "city_id": 451,
    "city": "Naryn",
    "country": "Kyrgyzstan"
  },
  {
    "city_id": 452,
    "city": "Osh",
    "country": "Kyrgyzstan"
  },
  {
    "city_id": 453,
    "city": "Batken",
    "country": "Kyrgyzstan"
  },
  {
    "city_id": 454,
    "city": "Isfara",
    "country": "Tajikistan"
  },
  {
    "city_id": 455,
    "city": "Kulob",
    "country": "Tajikistan"
  },
  {
    "city_id": 456,
    "city": "Chkalovsk",
    "country": "Tajikistan"
  },
  {
    "city_id": 412,
    "city": "Pontianak",
    "country": "Indonesia"
  },
  {
    "city_id": 413,
    "city": "Poos de Caldas",
    "country": "Brazil"
  },
  {
    "city_id": 414,
    "city": "Portoviejo",
    "country": "Ecuador"
  },
  {
    "city_id": 415,
    "city": "Probolinggo",
    "country": "Indonesia"
  },
  {
    "city_id": 416,
    "city": "Pudukkottai",
    "country": "India"
  },
  {
    "city_id": 417,
    "city": "Pune",
    "country": "India"
  },
  {
    "city_id": 418,
    "city": "Purnea (Purnia)",
    "country": "India"
  },
  {
    "city_id": 419,
    "city": "Purwakarta",
    "country": "Indonesia"
  },
  {
    "city_id": 420,
    "city": "Pyongyang",
    "country": "North Korea"
  },
  {
    "city_id": 421,
    "city": "Qalyub",
    "country": "Egypt"
  },
  {
    "city_id": 422,
    "city": "Qinhuangdao",
    "country": "China"
  },
  {
    "city_id": 423,
    "city": "Qomsheh",
    "country": "Iran"
  },
  {
    "city_id": 424,
    "city": "Quilmes",
    "country": "Argentina"
  },
  {
    "city_id": 425,
    "city": "Rae Bareli",
    "country": "India"
  },
  {
    "city_id": 426,
    "city": "Rajkot",
    "country": "India"
  },
  {
    "city_id": 427,
    "city": "Rampur",
    "country": "India"
  },
  {
    "city_id": 428,
    "city": "Rancagua",
    "country": "Chile"
  },
  {
    "city_id": 429,
    "city": "Ranchi",
    "country": "India"
  },
  {
    "city_id": 430,
    "city": "Richmond Hill",
    "country": "Canada"
  },
  {
    "city_id": 431,
    "city": "Rio Claro",
    "country": "Brazil"
  },
  {
    "city_id": 432,
    "city": "Rizhao",
    "country": "China"
  },
  {
    "city_id": 433,
    "city": "Roanoke",
    "country": "United States"
  },
  {
    "city_id": 434,
    "city": "Robamba",
    "country": "Ecuador"
  },
  {
    "city_id": 435,
    "city": "Rockford",
    "country": "United States"
  },
  {
    "city_id": 436,
    "city": "Ruse",
    "country": "Bulgaria"
  },
  {
    "city_id": 437,
    "city": "Rustenburg",
    "country": "South Africa"
  },
  {
    "city_id": 438,
    "city": "s-Hertogenbosch",
    "country": "Netherlands"
  },
  {
    "city_id": 439,
    "city": "Saarbrcken",
    "country": "Germany"
  },
  {
    "city_id": 440,
    "city": "Sagamihara",
    "country": "Japan"
  },
  {
    "city_id": 441,
    "city": "Saint Louis",
    "country": "United States"
  },
  {
    "city_id": 442,
    "city": "Saint-Denis",
    "country": "Runion"
  },
  {
    "city_id": 443,
    "city": "Sal",
    "country": "Morocco"
  },
  {
    "city_id": 444,
    "city": "Salala",
    "country": "Oman"
  },
  {
    "city_id": 445,
    "city": "Salamanca",
    "country": "Mexico"
  },
  {
    "city_id": 446,
    "city": "Salinas",
    "country": "United States"
  },
  {
    "city_id": 447,
    "city": "Salzburg",
    "country": "Austria"
  },
  {
    "city_id": 448,
    "city": "Sambhal",
    "country": "India"
  },
  {
    "city_id": 449,
    "city": "San Bernardino",
    "country": "United States"
  },
  {
    "city_id": 450,
    "city": "San Felipe de Puerto Plata",
    "country": "Dominican Republic"
  },
  {
    "city_id": 451,
    "city": "San Felipe del Progreso",
    "country": "Mexico"
  },
  {
    "city_id": 452,
    "city": "San Juan Bautista Tuxtepec",
    "country": "Mexico"
  },
  {
    "city_id": 453,
    "city": "San Lorenzo",
    "country": "Paraguay"
  },
  {
    "city_id": 454,
    "city": "San Miguel de Tucumn",
    "country": "Argentina"
  },
  {
    "city_id": 455,
    "city": "Sanaa",
    "country": "Yemen"
  },
  {
    "city_id": 456,
    "city": "Santa Brbara dOeste",
    "country": "Brazil"
  },
  {
    "city_id": 457,
    "city": "Santa F",
    "country": "Argentina"
  },
  {
    "city_id": 458,
    "city": "Santa Rosa",
    "country": "Philippines"
  },
  {
    "city_id": 459,
    "city": "Santiago de Compostela",
    "country": "Spain"
  },
  {
    "city_id": 460,
    "city": "Santiago de los Caballeros",
    "country": "Dominican Republic"
  },
  {
    "city_id": 461,
    "city": "Santo Andr",
    "country": "Brazil"
  },
  {
    "city_id": 462,
    "city": "Sanya",
    "country": "China"
  },
  {
    "city_id": 463,
    "city": "Sasebo",
    "country": "Japan"
  },
  {
    "city_id": 464,
    "city": "Satna",
    "country": "India"
  },
  {
    "city_id": 465,
    "city": "Sawhaj",
    "country": "Egypt"
  },
  {
    "city_id": 466,
    "city": "Serpuhov",
    "country": "Russian Federation"
  },
  {
    "city_id": 467,
    "city": "Shahr-e Kord",
    "country": "Iran"
  },
  {
    "city_id": 468,
    "city": "Shanwei",
    "country": "China"
  },
  {
    "city_id": 469,
    "city": "Shaoguan",
    "country": "China"
  },
  {
    "city_id": 470,
    "city": "Sharja",
    "country": "United Arab Emirates"
  },
  {
    "city_id": 471,
    "city": "Shenzhen",
    "country": "China"
  },
  {
    "city_id": 472,
    "city": "Shikarpur",
    "country": "Pakistan"
  },
  {
    "city_id": 473,
    "city": "Shimoga",
    "country": "India"
  },
  {
    "city_id": 474,
    "city": "Shimonoseki",
    "country": "Japan"
  },
  {
    "city_id": 475,
    "city": "Shivapuri",
    "country": "India"
  },
  {
    "city_id": 476,
    "city": "Shubra al-Khayma",
    "country": "Egypt"
  },
  {
    "city_id": 477,
    "city": "Siegen",
    "country": "Germany"
  },
  {
    "city_id": 478,
    "city": "Siliguri (Shiliguri)",
    "country": "India"
  },
  {
    "city_id": 479,
    "city": "Simferopol",
    "country": "Ukraine"
  },
  {
    "city_id": 480,
    "city": "Sincelejo",
    "country": "Colombia"
  },
  {
    "city_id": 481,
    "city": "Sirjan",
    "country": "Iran"
  },
  {
    "city_id": 482,
    "city": "Sivas",
    "country": "Turkey"
  },
  {
    "city_id": 483,
    "city": "Skikda",
    "country": "Algeria"
  },
  {
    "city_id": 484,
    "city": "Smolensk",
    "country": "Russian Federation"
  },
  {
    "city_id": 485,
    "city": "So Bernardo do Campo",
    "country": "Brazil"
  },
  {
    "city_id": 486,
    "city": "So Leopoldo",
    "country": "Brazil"
  },
  {
    "city_id": 487,
    "city": "Sogamoso",
    "country": "Colombia"
  },
  {
    "city_id": 488,
    "city": "Sokoto",
    "country": "Nigeria"
  },
  {
    "city_id": 489,
    "city": "Songkhla",
    "country": "Thailand"
  },
  {
    "city_id": 490,
    "city": "Sorocaba",
    "country": "Brazil"
  },
  {
    "city_id": 491,
    "city": "Soshanguve",
    "country": "South Africa"
  },
  {
    "city_id": 492,
    "city": "Sousse",
    "country": "Tunisia"
  },
  {
    "city_id": 493,
    "city": "South Hill",
    "country": "Anguilla"
  },
  {
    "city_id": 494,
    "city": "Southampton",
    "country": "United Kingdom"
  },
  {
    "city_id": 495,
    "city": "Southend-on-Sea",
    "country": "United Kingdom"
  },
  {
    "city_id": 496,
    "city": "Southport",
    "country": "United Kingdom"
  },
  {
    "city_id": 497,
    "city": "Springs",
    "country": "South Africa"
  },
  {
    "city_id": 498,
    "city": "Stara Zagora",
    "country": "Bulgaria"
  },
  {
    "city_id": 499,
    "city": "Sterling Heights",
    "country": "United States"
  },
  {
    "city_id": 500,
    "city": "Stockport",
    "country": "United Kingdom"
  },
  {
    "city_id": 501,
    "city": "Sucre",
    "country": "Bolivia"
  },
  {
    "city_id": 502,
    "city": "Suihua",
    "country": "China"
  },
  {
    "city_id": 503,
    "city": "Sullana",
    "country": "Peru"
  },
  {
    "city_id": 504,
    "city": "Sultanbeyli",
    "country": "Turkey"
  },
  {
    "city_id": 505,
    "city": "Sumqayit",
    "country": "Azerbaijan"
  },
  {
    "city_id": 506,
    "city": "Sumy",
    "country": "Ukraine"
  },
  {
    "city_id": 507,
    "city": "Sungai Petani",
    "country": "Malaysia"
  },
  {
    "city_id": 508,
    "city": "Sunnyvale",
    "country": "United States"
  },
  {
    "city_id": 509,
    "city": "Surakarta",
    "country": "Indonesia"
  },
  {
    "city_id": 510,
    "city": "Syktyvkar",
    "country": "Russian Federation"
  },
  {
    "city_id": 511,
    "city": "Syrakusa",
    "country": "Italy"
  },
  {
    "city_id": 512,
    "city": "Szkesfehrvr",
    "country": "Hungary"
  },
  {
    "city_id": 513,
    "city": "Tabora",
    "country": "Tanzania"
  },
  {
    "city_id": 514,
    "city": "Tabriz",
    "country": "Iran"
  },
  {
    "city_id": 515,
    "city": "Tabuk",
    "country": "Saudi Arabia"
  },
  {
    "city_id": 516,
    "city": "Tafuna",
    "country": "American Samoa"
  },
  {
    "city_id": 517,
    "city": "Taguig",
    "country": "Philippines"
  },
  {
    "city_id": 518,
    "city": "Taizz",
    "country": "Yemen"
  },
  {
    "city_id": 519,
    "city": "Talavera",
    "country": "Philippines"
  },
  {
    "city_id": 520,
    "city": "Tallahassee",
    "country": "United States"
  },
  {
    "city_id": 521,
    "city": "Tama",
    "country": "Japan"
  },
  {
    "city_id": 522,
    "city": "Tambaram",
    "country": "India"
  },
  {
    "city_id": 523,
    "city": "Tanauan",
    "country": "Philippines"
  },
  {
    "city_id": 524,
    "city": "Tandil",
    "country": "Argentina"
  },
  {
    "city_id": 525,
    "city": "Tangail",
    "country": "Bangladesh"
  },
  {
    "city_id": 526,
    "city": "Tanshui",
    "country": "Taiwan"
  },
  {
    "city_id": 527,
    "city": "Tanza",
    "country": "Philippines"
  },
  {
    "city_id": 528,
    "city": "Tarlac",
    "country": "Philippines"
  },
  {
    "city_id": 529,
    "city": "Tarsus",
    "country": "Turkey"
  },
  {
    "city_id": 530,
    "city": "Tartu",
    "country": "Estonia"
  },
  {
    "city_id": 531,
    "city": "Teboksary",
    "country": "Russian Federation"
  },
  {
    "city_id": 532,
    "city": "Tegal",
    "country": "Indonesia"
  },
  {
    "city_id": 533,
    "city": "Tel Aviv-Jaffa",
    "country": "Israel"
  },
  {
    "city_id": 534,
    "city": "Tete",
    "country": "Mozambique"
  },
  {
    "city_id": 535,
    "city": "Tianjin",
    "country": "China"
  },
  {
    "city_id": 536,
    "city": "Tiefa",
    "country": "China"
  },
  {
    "city_id": 537,
    "city": "Tieli",
    "country": "China"
  },
  {
    "city_id": 538,
    "city": "Tokat",
    "country": "Turkey"
  },
  {
    "city_id": 539,
    "city": "Tonghae",
    "country": "South Korea"
  },
  {
    "city_id": 540,
    "city": "Tongliao",
    "country": "China"
  },
  {
    "city_id": 541,
    "city": "Torren",
    "country": "Mexico"
  },
  {
    "city_id": 542,
    "city": "Touliu",
    "country": "Taiwan"
  },
  {
    "city_id": 543,
    "city": "Toulon",
    "country": "France"
  },
  {
    "city_id": 544,
    "city": "Toulouse",
    "country": "France"
  },
  {
    "city_id": 545,
    "city": "Trshavn",
    "country": "Faroe Islands"
  },
  {
    "city_id": 546,
    "city": "Tsaotun",
    "country": "Taiwan"
  },
  {
    "city_id": 547,
    "city": "Tsuyama",
    "country": "Japan"
  },
  {
    "city_id": 548,
    "city": "Tuguegarao",
    "country": "Philippines"
  },
  {
    "city_id": 549,
    "city": "Tychy",
    "country": "Poland"
  },
  {
    "city_id": 550,
    "city": "Udaipur",
    "country": "India"
  },
  {
    "city_id": 551,
    "city": "Udine",
    "country": "Italy"
  },
  {
    "city_id": 552,
    "city": "Ueda",
    "country": "Japan"
  },
  {
    "city_id": 553,
    "city": "Uijongbu",
    "country": "South Korea"
  },
  {
    "city_id": 554,
    "city": "Uluberia",
    "country": "India"
  },
  {
    "city_id": 555,
    "city": "Urawa",
    "country": "Japan"
  },
  {
    "city_id": 556,
    "city": "Uruapan",
    "country": "Mexico"
  },
  {
    "city_id": 557,
    "city": "Usak",
    "country": "Turkey"
  },
  {
    "city_id": 558,
    "city": "Usolje-Sibirskoje",
    "country": "Russian Federation"
  },
  {
    "city_id": 559,
    "city": "Uttarpara-Kotrung",
    "country": "India"
  },
  {
    "city_id": 560,
    "city": "Vaduz",
    "country": "Liechtenstein"
  },
  {
    "city_id": 561,
    "city": "Valencia",
    "country": "Venezuela"
  },
  {
    "city_id": 562,
    "city": "Valle de la Pascua",
    "country": "Venezuela"
  },
  {
    "city_id": 563,
    "city": "Valle de Santiago",
    "country": "Mexico"
  },
  {
    "city_id": 564,
    "city": "Valparai",
    "country": "India"
  },
  {
    "city_id": 565,
    "city": "Vancouver",
    "country": "Canada"
  },
  {
    "city_id": 566,
    "city": "Varanasi (Benares)",
    "country": "India"
  },
  {
    "city_id": 567,
    "city": "Vicente Lpez",
    "country": "Argentina"
  },
  {
    "city_id": 568,
    "city": "Vijayawada",
    "country": "India"
  },
  {
    "city_id": 569,
    "city": "Vila Velha",
    "country": "Brazil"
  },
  {
    "city_id": 570,
    "city": "Vilnius",
    "country": "Lithuania"
  },
  {
    "city_id": 571,
    "city": "Vinh",
    "country": "Vietnam"
  },
  {
    "city_id": 572,
    "city": "Vitria de Santo Anto",
    "country": "Brazil"
  },
  {
    "city_id": 573,
    "city": "Warren",
    "country": "United States"
  },
  {
    "city_id": 574,
    "city": "Weifang",
    "country": "China"
  },
  {
    "city_id": 575,
    "city": "Witten",
    "country": "Germany"
  },
  {
    "city_id": 576,
    "city": "Woodridge",
    "country": "Australia"
  },
  {
    "city_id": 577,
    "city": "Wroclaw",
    "country": "Poland"
  },
  {
    "city_id": 578,
    "city": "Xiangfan",
    "country": "China"
  },
  {
    "city_id": 579,
    "city": "Xiangtan",
    "country": "China"
  },
  {
    "city_id": 580,
    "city": "Xintai",
    "country": "China"
  },
  {
    "city_id": 581,
    "city": "Xinxiang",
    "country": "China"
  },
  {
    "city_id": 582,
    "city": "Yamuna Nagar",
    "country": "India"
  },
  {
    "city_id": 583,
    "city": "Yangor",
    "country": "Nauru"
  },
  {
    "city_id": 584,
    "city": "Yantai",
    "country": "China"
  },
  {
    "city_id": 585,
    "city": "Yaound",
    "country": "Cameroon"
  },
  {
    "city_id": 586,
    "city": "Yerevan",
    "country": "Armenia"
  },
  {
    "city_id": 587,
    "city": "Yinchuan",
    "country": "China"
  },
  {
    "city_id": 588,
    "city": "Yingkou",
    "country": "China"
  },
  {
    "city_id": 589,
    "city": "York",
    "country": "United Kingdom"
  },
  {
    "city_id": 590,
    "city": "Yuncheng",
    "country": "China"
  },
  {
    "city_id": 591,
    "city": "Yuzhou",
    "country": "China"
  },
  {
    "city_id": 592,
    "city": "Zalantun",
    "country": "China"
  },
  {
    "city_id": 593,
    "city": "Zanzibar",
    "country": "Tanzania"
  },
  {
    "city_id": 594,
    "city": "Zaoyang",
    "country": "China"
  },
  {
    "city_id": 595,
    "city": "Zapopan",
    "country": "Mexico"
  },
  {
    "city_id": 596,
    "city": "Zaria",
    "country": "Nigeria"
  },
  {
    "city_id": 597,
    "city": "Zeleznogorsk",
    "country": "Russian Federation"
  },
  {
    "city_id": 598,
    "city": "Zhezqazghan",
    "country": "Kazakstan"
  },
  {
    "city_id": 599,
    "city": "Zhoushan",
    "country": "China"
  },
  {
    "city_id": 600,
    "city": "Ziguinchor",
    "country": "Senegal"
  },
  {
    "city_id": 101,
    "city": "Tashkent",
    "country": "Uzbekistan"
  },
  {
    "city_id": 102,
    "city": "Samarkand",
    "country": "Uzbekistan"
  },
  {
    "city_id": 103,
    "city": "Bukhara",
    "country": "Uzbekistan"
  },
  {
    "city_id": 104,
    "city": "Nukus",
    "country": "Uzbekistan"
  },
  {
    "city_id": 105,
    "city": "Andijan",
    "country": "Uzbekistan"
  },
  {
    "city_id": 106,
    "city": "Namangan",
    "country": "Uzbekistan"
  },
  {
    "city_id": 107,
    "city": "Kokand",
    "country": "Uzbekistan"
  },
  {
    "city_id": 108,
    "city": "Khiva",
    "country": "Uzbekistan"
  },
  {
    "city_id": 109,
    "city": "Margilan",
    "country": "Uzbekistan"
  },
  {
    "city_id": 110,
    "city": "Jizzakh",
    "country": "Uzbekistan"
  },
  {
    "city_id": 111,
    "city": "Karakalpakstan",
    "country": "Uzbekistan"
  },
  {
    "city_id": 112,
    "city": "Kattakurgan",
    "country": "Uzbekistan"
  },
  {
    "city_id": 113,
    "city": "Chirchiq",
    "country": "Uzbekistan"
  },
  {
    "city_id": 114,
    "city": "Gulistan",
    "country": "Uzbekistan"
  },
  {
    "city_id": 115,
    "city": "Termez",
    "country": "Uzbekistan"
  },
  {
    "city_id": 116,
    "city": "Kogon",
    "country": "Uzbekistan"
  },
  {
    "city_id": 117,
    "city": "Angren",
    "country": "Uzbekistan"
  },
  {
    "city_id": 118,
    "city": "Olmaliq",
    "country": "Uzbekistan"
  },
  {
    "city_id": 119,
    "city": "Zarafshan",
    "country": "Uzbekistan"
  },
  {
    "city_id": 120,
    "city": "Bekabad",
    "country": "Uzbekistan"
  },
  {
    "city_id": 201,
    "city": "Almaty",
    "country": "Kazakhstan"
  },
  {
    "city_id": 202,
    "city": "Astana",
    "country": "Kazakhstan"
  },
  {
    "city_id": 203,
    "city": "Shymkent",
    "country": "Kazakhstan"
  },
  {
    "city_id": 204,
    "city": "Aktobe",
    "country": "Kazakhstan"
  },
  {
    "city_id": 205,
    "city": "Karaganda",
    "country": "Kazakhstan"
  },
  {
    "city_id": 206,
    "city": "Taraz",
    "country": "Kazakhstan"
  },
  {
    "city_id": 207,
    "city": "Pavlodar",
    "country": "Kazakhstan"
  },
  {
    "city_id": 208,
    "city": "Ust-Kamenogorsk",
    "country": "Kazakhstan"
  },
  {
    "city_id": 209,
    "city": "Semey",
    "country": "Kazakhstan"
  },
  {
    "city_id": 210,
    "city": "Kyzylorda",
    "country": "Kazakhstan"
  },
  {
    "city_id": 211,
    "city": "Atyrau",
    "country": "Kazakhstan"
  },
  {
    "city_id": 212,
    "city": "Kostanay",
    "country": "Kazakhstan"
  },
  {
    "city_id": 213,
    "city": "Petropavl",
    "country": "Kazakhstan"
  },
  {
    "city_id": 214,
    "city": "Aktau",
    "country": "Kazakhstan"
  },
  {
    "city_id": 215,
    "city": "Taldykorgan",
    "country": "Kazakhstan"
  },
  {
    "city_id": 216,
    "city": "Ekibastuz",
    "country": "Kazakhstan"
  },
  {
    "city_id": 217,
    "city": "Zhanaozen",
    "country": "Kazakhstan"
  },
  {
    "city_id": 218,
    "city": "Kokshetau",
    "country": "Kazakhstan"
  },
  {
    "city_id": 219,
    "city": "Temirtau",
    "country": "Kazakhstan"
  },
  {
    "city_id": 220,
    "city": "Rudny",
    "country": "Kazakhstan"
  },
  {
    "city_id": 301,
    "city": "Ashgabat",
    "country": "Turkmenistan"
  },
  {
    "city_id": 302,
    "city": "Turkmenabat",
    "country": "Turkmenistan"
  },
  {
    "city_id": 303,
    "city": "Dashoguz",
    "country": "Turkmenistan"
  },
  {
    "city_id": 304,
    "city": "Mary",
    "country": "Turkmenistan"
  },
  {
    "city_id": 305,
    "city": "Balkanabat",
    "country": "Turkmenistan"
  },
  {
    "city_id": 306,
    "city": "Turkmenbashi",
    "country": "Turkmenistan"
  },
  {
    "city_id": 307,
    "city": "Bayramaly",
    "country": "Turkmenistan"
  },
  {
    "city_id": 308,
    "city": "Serdar",
    "country": "Turkmenistan"
  },
  {
    "city_id": 309,
    "city": "Gazanjyk",
    "country": "Turkmenistan"
  },
  {
    "city_id": 310,
    "city": "Gumdag",
    "country": "Turkmenistan"
  },
  {
    "city_id": 311,
    "city": "Tejen",
    "country": "Turkmenistan"
  },
  {
    "city_id": 312,
    "city": "Atamyrat",
    "country": "Turkmenistan"
  },
  {
    "city_id": 313,
    "city": "Gowurdak",
    "country": "Turkmenistan"
  },
  {
    "city_id": 314,
    "city": "Kaka",
    "country": "Turkmenistan"
  },
  {
    "city_id": 315,
    "city": "Magtymguly",
    "country": "Turkmenistan"
  },
  {
    "city_id": 316,
    "city": "Sayat",
    "country": "Turkmenistan"
  },
  {
    "city_id": 317,
    "city": "Bereket",
    "country": "Turkmenistan"
  },
  {
    "city_id": 318,
    "city": "Trkmenbay",
    "country": "Turkmenistan"
  },
  {
    "city_id": 319,
    "city": "Serhetabat",
    "country": "Turkmenistan"
  },
  {
    "city_id": 320,
    "city": "Knergen",
    "country": "Turkmenistan"
  },
  {
    "city_id": 401,
    "city": "Moscow",
    "country": "Russia"
  },
  {
    "city_id": 402,
    "city": "Saint Petersburg",
    "country": "Russia"
  },
  {
    "city_id": 403,
    "city": "Novosibirsk",
    "country": "Russia"
  },
  {
    "city_id": 404,
    "city": "Yekaterinburg",
    "country": "Russia"
  },
  {
    "city_id": 405,
    "city": "Nizhny Novgorod",
    "country": "Russia"
  },
  {
    "city_id": 406,
    "city": "Kazan",
    "country": "Russia"
  },
  {
    "city_id": 407,
    "city": "Chelyabinsk",
    "country": "Russia"
  },
  {
    "city_id": 408,
    "city": "Omsk",
    "country": "Russia"
  },
  {
    "city_id": 409,
    "city": "Samara",
    "country": "Russia"
  },
  {
    "city_id": 410,
    "city": "Rostov-on-Don",
    "country": "Russia"
  },
  {
    "city_id": 411,
    "city": "Ufa",
    "country": "Russia"
  },
  {
    "city_id": 412,
    "city": "Krasnoyarsk",
    "country": "Russia"
  },
  {
    "city_id": 413,
    "city": "Perm",
    "country": "Russia"
  },
  {
    "city_id": 414,
    "city": "Voronezh",
    "country": "Russia"
  },
  {
    "city_id": 415,
    "city": "Volgograd",
    "country": "Russia"
  },
  {
    "city_id": 416,
    "city": "Krasnodar",
    "country": "Russia"
  },
  {
    "city_id": 417,
    "city": "Saratov",
    "country": "Russia"
  },
  {
    "city_id": 418,
    "city": "Tyumen",
    "country": "Russia"
  },
  {
    "city_id": 419,
    "city": "Tolyatti",
    "country": "Russia"
  },
  {
    "city_id": 420,
    "city": "Izhevsk",
    "country": "Russia"
  },
  {
    "city_id": 421,
    "city": "Ulyanovsk",
    "country": "Russia"
  },
  {
    "city_id": 422,
    "city": "Barnaul",
    "country": "Russia"
  },
  {
    "city_id": 423,
    "city": "Vladivostok",
    "country": "Russia"
  },
  {
    "city_id": 424,
    "city": "Irkutsk",
    "country": "Russia"
  },
  {
    "city_id": 425,
    "city": "Khabarovsk",
    "country": "Russia"
  },
  {
    "city_id": 426,
    "city": "Yaroslavl",
    "country": "Russia"
  },
  {
    "city_id": 427,
    "city": "Makhachkala",
    "country": "Russia"
  },
  {
    "city_id": 428,
    "city": "Tomsk",
    "country": "Russia"
  },
  {
    "city_id": 429,
    "city": "Orenburg",
    "country": "Russia"
  },
  {
    "city_id": 430,
    "city": "Kemerovo",
    "country": "Russia"
  },
  {
    "city_id": 501,
    "city": "Minsk",
    "country": "Belarus"
  },
  {
    "city_id": 502,
    "city": "Gomel",
    "country": "Belarus"
  },
  {
    "city_id": 503,
    "city": "Mogilev",
    "country": "Belarus"
  },
  {
    "city_id": 504,
    "city": "Vitebsk",
    "country": "Belarus"
  },
  {
    "city_id": 505,
    "city": "Hrodna",
    "country": "Belarus"
  },
  {
    "city_id": 506,
    "city": "Brest",
    "country": "Belarus"
  },
  {
    "city_id": 507,
    "city": "Babruysk",
    "country": "Belarus"
  },
  {
    "city_id": 508,
    "city": "Baranovichi",
    "country": "Belarus"
  },
  {
    "city_id": 509,
    "city": "Barysaw",
    "country": "Belarus"
  },
  {
    "city_id": 510,
    "city": "Pinsk",
    "country": "Belarus"
  },
  {
    "city_id": 511,
    "city": "Orsha",
    "country": "Belarus"
  },
  {
    "city_id": 512,
    "city": "Mazyr",
    "country": "Belarus"
  },
  {
    "city_id": 513,
    "city": "Salihorsk",
    "country": "Belarus"
  },
  {
    "city_id": 514,
    "city": "Maladzyechna",
    "country": "Belarus"
  },
  {
    "city_id": 515,
    "city": "Zhodzina",
    "country": "Belarus"
  },
  {
    "city_id": 516,
    "city": "Slutsk",
    "country": "Belarus"
  },
  {
    "city_id": 517,
    "city": "Navapolatsk",
    "country": "Belarus"
  },
  {
    "city_id": 518,
    "city": "Kobryn",
    "country": "Belarus"
  },
  {
    "city_id": 519,
    "city": "Vawkavysk",
    "country": "Belarus"
  },
  {
    "city_id": 520,
    "city": "Kalinkavichy",
    "country": "Belarus"
  }
]